USE BazaGeo_DB;
GO

INSERT INTO Furnizor (ID_Furnizor, Denumire_furnizor) VALUES 
('FU001', 'Ruse Sport'),
('FU002', 'Edelgrass'),
('FU003', 'GEO'),
('FU004', 'FarmaBioMed'),
('FU005', 'HARKE'),
('FU006', 'Unirubber'),
('FU007', 'INVENTARIERE 01.01.2024'),
('FU008', 'MeltemRUS'),
('FU009', 'Iren Makine (Turcia)'),
('FU010', 'Dalla Riva Italia'),
('FU011', 'Biotrohos (Greece)'),
('FU012', 'Inventariere 27.11.24'),
('FU013', 'INVENTARIERE Covor si Cauciuc'),
('FU014', 'Inventariere 14 04 2025'),
('FU015', 'KDF Greece'),
('FU016', 'Vivisport'),
('FU017', 'Corectare Stoc');

INSERT INTO Tip_Marfa (ID_Tip, Denumire_Tip) VALUES 
('TM001', 'Fotbal'),
('TM002', 'Baschet'),
('TM003', 'Sport'),
('TM004', 'Adeziv'),
('TM005', 'Volei'),
('TM006', 'Tenis'),
('TM007', 'Badminton'),
('TM008', 'Geoball'),
('TM009', 'Tribune'),
('TM010', 'Plasa de protectie'),
('TM011', 'EPDM'),
('TM012', 'Vopsea'),
('TM013', 'Handball'),
('TM014', 'Tehnica'),
('TM015', 'Proiectare');

INSERT INTO Marfa (ID_Marfa, Denumire, ID_Tip, ID_Furnizor, Pret_unitar, Stoc) VALUES
('MA001', 'Cos baschet (Profi) cu arcuri (BL19.1)', 'TM002', 'FU001', 13580, 4),
('MA002', 'Cos baschet (Antivandal) (BL18.1)', 'TM002', 'FU001', 8400, 7),
('MA003', 'Cos baschet (Simplu) (BL17)', 'TM002', 'FU001', 10190, 12),
('MA004', 'Plasa p/u cos Profi (BL21)', 'TM002', 'FU001', 2490, 8),
('MA005', 'Plasa p/u cos Antivandal (BL22)', 'TM002', 'FU001', 7860, 10),
('MA006', 'Plasa p/u cos simplu (BL20)', 'TM002', 'FU001', 19360, 17),
('MA007', 'Panou Fiberglass 120x90cm (BL12)', 'TM002', 'FU001', 4880, 4),
('MA008', 'Panou Fiberglass 180x105cm (BL11)', 'TM002', 'FU001', 6560, 4),
('MA009', 'Panou Plexiglass 180x105cm cu protector (BL16)', 'TM002', 'FU001', 19380, 2),
('MA010', 'Panou Plexiglass 180x105cm (BL15)', 'TM002', 'FU001', 14210, 4),
('MA011', 'Inel baschet (simplu) (BL14)', 'TM002', 'FU001', 4470, 7),
('MA012', 'Inel baschet (cu arcuri) (BL13)', 'TM002', 'FU001', 8930, 4),
('MA013', 'Banda delimitare teren (Galben) (BL23)', 'TM002', 'FU001', 4170, 0),
('MA014', 'Banda delimitare teren (Alb) (BL24)', 'TM002', 'FU001', 190, 23),
('MA015', 'Minge Fotbal (FIFA Approved) (FB27)', 'TM001', 'FU001', 900, 36),
('MA016', 'Minge Fotbal (Training) (FB28)', 'TM001', 'FU001', 255, 41),
('MA017', 'Minge Fotbal (Minimal) (FB29)', 'TM001', 'FU001', 500, 31),
('MA018', 'Poarta fotbal 7.32 x 2.44 (mobilă)', 'TM001', 'FU001', 201, 12),
('MA019', 'Poarta fotbal 5x2 (mobilă)', 'TM001', 'FU001', 440, 14),
('MA020', 'Poarta minifotbal 3x2 (mobilă)', 'TM001', 'FU001', 440, 14),
('MA021', 'Plasa poartă fotbal (3mm, 7.32x2.44)', 'TM001', 'FU001', 11200, 8),
('MA022', 'Plasa poartă minifotbal (3mm, 5x2)', 'TM001', 'FU001', 1900, 5),
('MA023', 'Plasa poartă minifotbal (3mm, 3x2)', 'TM001', 'FU001', 6300, 15),
('MA024', 'Bancă rezerve (8 locuri)', 'TM009', 'FU001', 19900, 3),
('MA025', 'Bancă rezerve (10 locuri)', 'TM009', 'FU001', 1400, 2),
('MA026', 'Bancă rezerve (12 locuri)', 'TM009', 'FU001', 3100, 2),
('MA027', 'Gazon artificial 50mm (Edelgrass Future)', 'TM001', 'FU002', 2400, 17200),
('MA028', 'Gazon artificial 40mm (Edelgrass Dynamic)', 'TM001', 'FU002', 1800, 3100),
('MA029', 'Gazon artificial 30mm (Edelgrass Eco)', 'TM001', 'FU002', 1000, 1500),
('MA030', 'Granulat de cauciuc SBR (Kg)', 'TM001', 'FU002', 1250, 18000),
('MA031', 'Granulat de cauciuc EPDM (Kg) - Verde', 'TM011', 'FU002', 720, 1250),
('MA032', 'Minge Handbal (Size 3)', 'TM013', 'FU016', 1200, 40),
('MA033', 'Minge Volei (Training)', 'TM005', 'FU016', 7500, 30),
('MA034', 'Minge Baschet (Training)', 'TM002', 'FU016', 4500, 30),
('MA035', 'Set 6 Jaloane (30cm)', 'TM003', 'FU016', 16600, 50),
('MA036', 'Marker Con (Set 50 buc) (VVS12)', 'TM003', 'FU016', 6000, 100),
('MA037', 'Poarta Handbal 3x2 (mobilă)', 'TM013', 'FU016', 2700, 8),
('MA038', 'Plasa poartă Handbal (3mm, 3x2)', 'TM013', 'FU016', 18000, 12),
('MA039', 'Fileu Volei (Profi)', 'TM005', 'FU016', 7000, 5),
('MA040', 'Stâlpi Volei (mobil)', 'TM005', 'FU016', 33000, 4),
('MA041', 'Fileu Tenis (Profi)', 'TM006', 'FU016', 57, 6),
('MA042', 'Stâlpi Tenis (fix)', 'TM006', 'FU016', 57, 4),
('MA043', 'Racheta Badminton (Set 2)', 'TM007', 'FU016', 57, 20),
('MA044', 'Pene Badminton (Set 6)', 'TM007', 'FU016', 104, 30),
('MA045', 'Aparat de marcaj (Vopsea lichidă)', 'TM012', 'FU004', 82, 5),
('MA046', 'Vopsea acrilică Albă (5KG) (FA01)', 'TM012', 'FU004', 100, 20),
('MA047', 'Vopsea acrilică Galben (5KG) (FA02)', 'TM012', 'FU004', 98, 15),
('MA048', 'Vopsea poliuretanică Roșie (10KG) (FA03)', 'TM012', 'FU004', 15200, 10),
('MA049', 'Adeziv 2K-PU (Component A) (HA01)', 'TM004', 'FU005', 10000, 50),
('MA050', 'Adeziv 2K-PU (Component B) (HA02)', 'TM004', 'FU005', 8300, 50),
('MA051', 'Adeziv 1K-PU (HA03)', 'TM004', 'FU005', 6000, 100),
('MA052', 'Rulou cauciuc SBR (10mm)', 'TM011', 'FU006', 5400, 500),
('MA053', 'Dala cauciuc 50x50x4cm', 'TM011', 'FU006', 1000, 1200),
('MA054', 'Placa cauciuc 100x100x1cm', 'TM011', 'FU006', 3100, 800),
('MA055', 'Granulat EPDM (Verde) (EP01)', 'TM011', 'FU006', 2400, 15000),
('MA056', 'Granulat EPDM (Albastru) (EP02)', 'TM011', 'FU006', 1800, 12000),
('MA057', 'Granulat EPDM (Roșu) (EP03)', 'TM011', 'FU006', 1000, 10000),
('MA058', 'Geoball (Galben) (GB01)', 'TM008', 'FU003', 1250, 40),
('MA059', 'Geoball (Albastru) (GB02)', 'TM008', 'FU003', 720, 30),
('MA060', 'Geoball (Verde) (GB03)', 'TM008', 'FU003', 1400, 35),
('MA061', 'Instalație Nocturnă (1000W) (ME01)', 'TM014', 'FU008', 1900, 5),
('MA062', 'Instalație Nocturnă (500W) (ME02)', 'TM014', 'FU008', 6300, 8),
('MA063', 'Instalație Nocturnă (LED) (ME03)', 'TM014', 'FU008', 19900, 10),
('MA064', 'Panou Afișaj (Digital) (IM01)', 'TM014', 'FU009', 1400, 2),
('MA065', 'Panou Afișaj (Scor) (IM02)', 'TM014', 'FU009', 3100, 3),
('MA066', 'Mașină de Marcat Linii (DR01)', 'TM014', 'FU010', 2400, 2),
('MA067', 'Parchet Sportiv (DR02)', 'TM003', 'FU010', 1800, 500),
('MA068', 'Plasa de Protecție (50x3m) (BT01)', 'TM010', 'FU011', 1000, 10),
('MA069', 'Plasa de Protecție (25x3m) (BT02)', 'TM010', 'FU011', 1250, 15),
('MA070', 'Covor Cauciuc (Inventariere)', 'TM011', 'FU013', 720, 0),
('MA071', 'Sistem Drenaj (KG01)', 'TM014', 'FU015', 1400, 5),
('MA072', 'Cos Baschet (Profi) cu Arcuri (BL19.1)', 'TM002', 'FU017', 1900, 0),
('MA073', 'Cos Baschet (Antivandal) (BL18.1)', 'TM002', 'FU017', 6300, 0),
('MA074', 'Geoball (Albastru) (GB02) - Corecție', 'TM008', 'FU017', 19900, 0),
('MA075', 'Adeziv 2K-PU (Component A) (HA01) - Corecție', 'TM004', 'FU017', 1400, 0),
('MA076', 'Covor Sintetic (Corectare Stoc)', 'TM001', 'FU017', 3100, 0),
('MA077', 'Banda de imbinare (Corectare Stoc)', 'TM001', 'FU017', 2400, 0),
('MA078', 'Adeziv 138.00', 'TM004', 'FU005', 13420, 220),
('MA079', 'Praimer 100.00', 'TM004', 'FU005', 13950, 280),
('MA080', 'EPDM Negru 1-4 dmm', 'TM011', 'FU006', 19730, 1000),
('MA081', 'EPDM Negru 0.5-2.5 dmm', 'TM011', 'FU006', 750, 0),
('MA082', 'SBR 1-4 (Biotrohos) 1,250tn', 'TM011', 'FU011', 9140, 19385),
('MA083', 'EPDM Rosu 1-3 dmm', 'TM011', 'FU006', 7150, 14110),
('MA084', 'EPDM Galben', 'TM011', 'FU006', 12550, 425),
('MA085', 'EPDM Verde (reseda)', 'TM011', 'FU006', 6980, 200),
('MA086', 'EPDM Orange', 'TM011', 'FU006', 15870, 175),
('MA087', 'EPDM Roze', 'TM011', 'FU006', 13540, 75),
('MA088', 'EPDM Violet', 'TM011', 'FU006', 1200, 125),
('MA089', 'EPDM color mix', 'TM011', 'FU005', 14480, 49000),
('MA090', 'Vopsea Verde (Polonia)', 'TM012', 'FU006', 14970, 10),
('MA091', 'Vopsea Galben (Polonia)', 'TM012', 'FU006', 4720, 5),
('MA092', 'Vopsea Albastra (Polonia)', 'TM012', 'FU006', 15100, 15),
('MA093', 'Vopsea Rosu (Polonia)', 'TM012', 'FU006', 16190, 15),
('MA094', 'Vopsea Orange (Polonia)', 'TM012', 'FU006', 8560, 15),
('MA095', 'Vopsea ALB (Franta)', 'TM012', 'FU005', 2150, 47),
('MA096', 'Vopsea ALBASTRU (Franta)', 'TM012', 'FU005', 10820, 3),
('MA097', 'Plasa de protectie 34x12- 2 buc = 816m2 (Arena Chisinau)', 'TM010', 'FU004', 1620, 513),
('MA098', 'Geoball (GB1)', 'TM008', 'FU003', 17380, 0),
('MA099', 'Scaun-turn p/u arbitru (VL10R)', 'TM005', 'FU001', 19670, 0),
('MA100', 'Tribune 2/12 (TR-ST3L2)', 'TM009', 'FU001', 770, 0),
('MA101', 'Tribune 3/18 (TR-ST3L3)', 'TM009', 'FU001', 18120, 0),
('MA102', 'Sac pentru mingi, HB6', 'TM003', 'FU001', 4430, 2),
('MA103', 'Steaguri p/u corner (4 buc.) (FL25)', 'TM001', 'FU001', 10960, 0),
('MA104', 'Parasuta pentru antrenament', 'TM003', 'FU001', 9850, 2),
('MA105', 'Plasa-amortizator la porti 3x2 (RUS)', 'TM013', 'FU008', 18450, 2),
('MA106', 'Masa plastic cu cerc gonflabil', 'TM003', 'FU003', 4070, 5),
('MA107', 'Plasa-amortizator la porti 7x2 (030822)', 'TM001', 'FU008', 13570, 17),
('MA108', 'Carucior manual cu roti p/u mingi (FLW3)', 'TM003', 'FU001', 18290, 0),
('MA109', 'Scaune plastic tribune fara spatier (FL20P)', 'TM009', 'FU001', 7050, 0),
('MA110', 'Linemaker', 'TM016', 'FU009', 19010, 5),
('MA111', 'Disc-Golf (mobil)', 'TM003', 'FU003', 14730, 7),
('MA112', 'Parchet Dalla Riva Playwood S 14', 'TM003', 'FU010', 7330, 0),
('MA113', 'Disc-Golf (fix)', 'TM003', 'FU003', 19400, 6),
('MA114', 'zLucrari', 'TM003', 'FU003', 18370, 0),
('MA115', 'zCheltuieli directe (motorina, impozite, TVA)', 'TM003', 'FU003', 18460, 0),
('MA116', 'Proiectare', 'TM009', 'FU003', 6470, 0),
('MA117', 'Cheltuieli Administrative', 'TM003', 'FU003', 10490, 0),
('MA118', 'Scaune din plastic cu spatier', 'TM007', 'FU001', 4710, 0),
('MA119', 'Banda de imbinare', 'TM001', 'FU002', 17860, 3100),
('MA120', 'Adeziv linii marcaj 2 componenti (15kg caldare)', 'TM001', 'FU003', 16800, 255),
('MA121', 'Poarta 7x2 fixa -set intreg (VIVI 5907) Champions League', 'TM001', 'FU016', 3730, 4),
('MA122', 'Plasa 7x2 6mm polipropilen (Vivi 6112)', 'TM001', 'FU016', 660, 8),
('MA123', 'Plasa 5x2 3mm polipropilen (Vivi 6121)', 'TM001', 'FU016', 14620, 10),
('MA124', 'Poarta 5x2 fixa 120x100mm (Vivi 5922)', 'TM001', 'FU016', 4990, 2),
('MA125', 'Poarta 5x2 mobila 120x100mm (Vivi 5923)', 'TM001', 'FU016', 12490, 4),
('MA126', 'Poarta 4x2 mobila 80x80mm (vivi-6028)', 'TM001', 'FU016', 9020, 2),
('MA127', 'Poarta 4x2 fixa 80x80mm OTEL (vivi-6023)', 'TM001', 'FU016', 9370, 2),
('MA128', 'Poarta 3x2 mobila 80x80mm (vivi 6802)', 'TM001', 'FU016', 9350, 4),
('MA129', 'set transformare porti mobile in fixe 80mm (vivi 6019)', 'TM001', 'FU016', 10640, 1),
('MA130', 'Plasa 3x2 6mm neilon (vivi 6821)', 'TM001', 'FU016', 3420, 6),
('MA131', 'Plasa 3x2 3.5mm polipropilen (vivi 6820)', 'TM001', 'FU016', 9280, 2),
('MA132', 'Plasa 4x2 3mm polipropilen (vivi 6125)', 'TM001', 'FU016', 12010, 8),
('MA133', 'Plasa de protectie Orizont Ciocana', 'TM010', 'FU004', 16500, 0);

INSERT INTO Intrari (ID_Intrare, Data_intrare, ID_Furnizor) VALUES
('INTR001', '2024-03-06', 'FU001'),
('INTR002', '2024-03-20', 'FU002'),
('INTR003', '2024-01-01', 'FU003'),
('INTR004', '2024-04-02', 'FU004'),
('INTR005', '2024-05-01', 'FU005'),
('INTR006', '2024-05-09', 'FU006'),
('INTR007', '2024-05-28', 'FU007'),
('INTR008', '2024-08-07', 'FU008'),
('INTR009', '2024-07-11', 'FU009'),
('INTR010', '2024-09-02', 'FU010'),
('INTR011', '2024-10-19', 'FU011'),
('INTR012', '2024-11-14', 'FU012'),
('INTR013', '2024-11-15', 'FU013'),
('INTR014', '2024-11-27', 'FU014'),
('INTR015', '2024-12-13', 'FU015'),
('INTR016', '2024-01-30', 'FU016'),
('INTR017', '2024-04-04', 'FU017'),
('INTR018', '2024-04-10', 'FU001'),
('INTR019', '2024-04-14', 'FU002'),
('INTR020', '2024-05-21', 'FU003'),
('INTR021', '2024-06-16', 'FU004'),
('INTR022', '2025-07-04', 'FU005'),
('INTR023', '2025-07-04', 'FU006'),
('INTR024', '2025-07-14', 'FU007'),
('INTR025', '2025-07-14', 'FU008'),
('INTR026', '2025-07-14', 'FU009'),
('INTR027', '2025-07-17', 'FU010'),
('INTR028', '2025-07-31', 'FU011'),
('INTR029', '2025-08-19', 'FU012'),
('INTR030', '2025-08-22', 'FU013'),
('INTR031', '2025-08-27', 'FU014'),
('INTR032', '2025-08-29', 'FU015'),
('INTR033', '2025-09-17', 'FU016'),
('INTR034', '2025-10-01', 'FU017'),
('INTR035', '2025-10-06', 'FU012');

INSERT INTO Pozitii_intrari (ID_Pozitie, ID_Intrare, ID_marfa, Cantitate, Pret_unitar) VALUES
('POZIT001', 'INTR001', 'MA018', 14, 9900),
('POZIT002', 'INTR001', 'MA038', 10, 8200),
('POZIT003', 'INTR001', 'MA041', 2, 7500),
('POZIT004', 'INTR001', 'MA005', 2, 5200),
('POZIT005', 'INTR001', 'MA078', 2, 5000),
('POZIT006', 'INTR001', 'MA077', 14, 1750),
('POZIT007', 'INTR001', 'MA043', 10, 1500),
('POZIT008', 'INTR001', 'MA125', 12, 1200),
('POZIT009', 'INTR001', 'MA053', 2, 700),
('POZIT010', 'INTR001', 'MA061', 2, 450),
('POZIT011', 'INTR002', 'MA098', 608, 4300),
('POZIT012', 'INTR003', 'MA014', 16, 190),
('POZIT013', 'INTR003', 'MA111', 17, 900),
('POZIT014', 'INTR003', 'MA017', 10, 255),
('POZIT015', 'INTR003', 'MA066', 17, 500),
('POZIT016', 'INTR003', 'MA081', 20, 201),
('POZIT017', 'INTR003', 'MA045', 22, 440),
('POZIT018', 'INTR003', 'MA020', 17, 440),
('POZIT019', 'INTR004', 'MA080', 6, 50),
('POZIT020', 'INTR004', 'MA084', 10, 700),
('POZIT021', 'INTR004', 'MA065', 2, 2600),
('POZIT022', 'INTR004', 'MA114', 4, 4150),
('POZIT023', 'INTR004', 'MA120', 4, 11200),
('POZIT024', 'INTR004', 'MA095', 1, 1900),
('POZIT025', 'INTR004', 'MA069', 2, 6300),
('POZIT026', 'INTR004', 'MA049', 2, 19900),
('POZIT027', 'INTR004', 'MA116', 11, 1400),
('POZIT028', 'INTR005', 'MA020', 2, 6300),
('POZIT029', 'INTR005', 'MA101', 2, 8200),
('POZIT030', 'INTR005', 'MA097', 4, 7500),
('POZIT031', 'INTR005', 'MA056', 2, 4500),
('POZIT032', 'INTR005', 'MA041', 4, 16600),
('POZIT033', 'INTR005', 'MA060', 2, 6000),
('POZIT034', 'INTR006', 'MA065', 4, 2700),
('POZIT035', 'INTR006', 'MA081', 2, 18000),
('POZIT036', 'INTR006', 'MA033', 12450, 7000),
('POZIT037', 'INTR006', 'MA117', 18800, 33000),
('POZIT038', 'INTR006', 'MA107', 700, 57),
('POZIT039', 'INTR006', 'MA025', 200, 57),
('POZIT040', 'INTR007', 'MA072', 175, 57),
('POZIT041', 'INTR007', 'MA049', 75, 57),
('POZIT042', 'INTR007', 'MA127', 125, 57),
('POZIT043', 'INTR007', 'MA005', 660, 104),
('POZIT044', 'INTR007', 'MA124', 2900, 82),
('POZIT045', 'INTR007', 'MA064', 300, 100),
('POZIT046', 'INTR008', 'MA044', 1100, 98),
('POZIT047', 'INTR008', 'MA087', 8, 15200),
('POZIT048', 'INTR008', 'MA064', 6, 10000),
('POZIT049', 'INTR008', 'MA039', 8, 8300),
('POZIT050', 'INTR008', 'MA119', 4, 6000),
('POZIT051', 'INTR008', 'MA099', 1, 5400),
('POZIT052', 'INTR008', 'MA031', 1, 1000),
('POZIT053', 'INTR009', 'MA029', 1, 3100),
('POZIT054', 'INTR009', 'MA101', 3, 2400),
('POZIT055', 'INTR009', 'MA072', 22, 1800),
('POZIT056', 'INTR009', 'MA130', 10, 1000),
('POZIT057', 'INTR009', 'MA009', 15, 1250),
('POZIT058', 'INTR009', 'MA130', 1, 720),
('POZIT059', 'INTR012', 'MA059', 10, 2400),
('POZIT060', 'INTR012', 'MA060', 10, 1800),
('POZIT061', 'INTR012', 'MA058', 20, 1000),
('POZIT062', 'INTR013', 'MA070', 480, 1250),
('POZIT063', 'INTR014', 'MA055', 300, 720),
('POZIT064', 'INTR014', 'MA057', 400, 1400),
('POZIT065', 'INTR014', 'MA056', 300, 1900),
('POZIT066', 'INTR015', 'MA071', 5, 6300),
('POZIT067', 'INTR016', 'MA032', 10, 19900),
('POZIT068', 'INTR016', 'MA033', 10, 1400),
('POZIT069', 'INTR016', 'MA034', 10, 3100),
('POZIT070', 'INTR016', 'MA035', 20, 2400),
('POZIT071', 'INTR016', 'MA036', 30, 1800),
('POZIT072', 'INTR016', 'MA037', 5, 1000),
('POZIT073', 'INTR016', 'MA038', 5, 1250),
('POZIT074', 'INTR016', 'MA039', 2, 720),
('POZIT075', 'INTR016', 'MA040', 2, 1400),
('POZIT076', 'INTR016', 'MA041', 1, 1900),
('POZIT077', 'INTR016', 'MA042', 1, 6300),
('POZIT078', 'INTR016', 'MA043', 10, 19900),
('POZIT079', 'INTR016', 'MA044', 10, 1400),
('POZIT080', 'INTR017', 'MA072', 0, 3100),
('POZIT081', 'INTR017', 'MA073', 0, 2400),
('POZIT082', 'INTR017', 'MA074', 0, 1800),
('POZIT083', 'INTR017', 'MA075', 0, 1000),
('POZIT084', 'INTR017', 'MA076', 0, 1250),
('POZIT085', 'INTR017', 'MA077', 0, 720),
('POZIT086', 'INTR018', 'MA018', 4, 1400),
('POZIT087', 'INTR018', 'MA019', 4, 1900),
('POZIT088', 'INTR018', 'MA020', 2, 6300),
('POZIT089', 'INTR018', 'MA021', 4, 19900),
('POZIT090', 'INTR018', 'MA022', 4, 1400),
('POZIT091', 'INTR018', 'MA023', 2, 3100),
('POZIT092', 'INTR019', 'MA027', 400, 2400),
('POZIT093', 'INTR019', 'MA028', 200, 1800),
('POZIT094', 'INTR019', 'MA029', 100, 1000),
('POZIT095', 'INTR020', 'MA058', 10, 1250),
('POZIT096', 'INTR020', 'MA059', 5, 720),
('POZIT097', 'INTR020', 'MA060', 5, 1400),
('POZIT098', 'INTR021', 'MA045', 10, 1900),
('POZIT099', 'INTR021', 'MA046', 5, 6300),
('POZIT100', 'INTR021', 'MA047', 5, 19900),
('POZIT101', 'INTR021', 'MA048', 2, 1400),
('POZIT102', 'INTR022', 'MA049', 10, 3100),
('POZIT103', 'INTR022', 'MA050', 10, 2400),
('POZIT104', 'INTR022', 'MA051', 20, 1800),
('POZIT105', 'INTR023', 'MA052', 100, 1000),
('POZIT106', 'INTR023', 'MA053', 200, 1250),
('POZIT107', 'INTR023', 'MA054', 150, 720),
('POZIT108', 'INTR024', 'MA055', 10, 1400),
('POZIT109', 'INTR024', 'MA056', 10, 1900),
('POZIT110', 'INTR024', 'MA057', 10, 6300),
('POZIT111', 'INTR025', 'MA061', 2, 19900),
('POZIT112', 'INTR025', 'MA062', 3, 1400),
('POZIT113', 'INTR025', 'MA063', 5, 3100),
('POZIT114', 'INTR026', 'MA064', 1, 2400),
('POZIT115', 'INTR026', 'MA065', 1, 1800),
('POZIT116', 'INTR027', 'MA066', 1, 1000),
('POZIT117', 'INTR027', 'MA067', 100, 1250),
('POZIT118', 'INTR028', 'MA068', 5, 720),
('POZIT119', 'INTR028', 'MA069', 5, 1400),
('POZIT120', 'INTR029', 'MA014', 50, 1900),
('POZIT121', 'INTR029', 'MA013', 25, 6300),
('POZIT122', 'INTR029', 'MA059', 10, 19900),
('POZIT123', 'INTR030', 'MA070', 200, 1400),
('POZIT124', 'INTR031', 'MA055', 50, 3100),
('POZIT125', 'INTR031', 'MA057', 50, 2400),
('POZIT126', 'INTR031', 'MA056', 50, 1800),
('POZIT127', 'INTR032', 'MA071', 3, 1000),
('POZIT128', 'INTR033', 'MA032', 10, 1250),
('POZIT129', 'INTR033', 'MA033', 10, 720),
('POZIT130', 'INTR033', 'MA034', 10, 1400),
('POZIT131', 'INTR034', 'MA072', 0, 1900),
('POZIT132', 'INTR034', 'MA073', 0, 6300),
('POZIT133', 'INTR034', 'MA074', 0, 19900),
('POZIT134', 'INTR035', 'MA014', 20, 1400),
('POZIT135', 'INTR022', 'MA035', 360, 77),
('POZIT136', 'INTR022', 'MA063', 7800, 4),
('POZIT137', 'INTR022', 'MA018', 3600, 28),
('POZIT138', 'INTR023', 'MA052', 1000, 28),
('POZIT139', 'INTR023', 'MA125', 1543, 246),
('POZIT140', 'INTR023', 'MA087', 2074, 207),
('POZIT141', 'INTR023', 'MA104', 8, 21900),
('POZIT142', 'INTR023', 'MA032', 4, 11200),
('POZIT143', 'INTR023', 'MA055', 2, 21400),
('POZIT144', 'INTR024', 'MA065', 8, 9050),
('POZIT145', 'INTR024', 'MA093', 4, 8200),
('POZIT146', 'INTR024', 'MA106', 6, 2000),
('POZIT147', 'INTR024', 'MA022', 1, 3000),
('POZIT148', 'INTR024', 'MA108', 240, 46),
('POZIT149', 'INTR024', 'MA035', 100, 46),
('POZIT150', 'INTR025', 'MA132', 1, 240),
('POZIT151', 'INTR025', 'MA032', 1, 350),
('POZIT152', 'INTR025', 'MA115', 2, 890),
('POZIT153', 'INTR025', 'MA095', 2, 670),
('POZIT154', 'INTR025', 'MA033', 2, 160),
('POZIT155', 'INTR025', 'MA077', 1, 200),
('POZIT156', 'INTR026', 'MA061', 4, 800),
('POZIT157', 'INTR026', 'MA008', 2, 500),
('POZIT158', 'INTR026', 'MA059', 2, 3400),
('POZIT159', 'INTR026', 'MA110', 1, 1900),
('POZIT160', 'INTR026', 'MA092', 50, 300),
('POZIT161', 'INTR026', 'MA068', 810, 40),
('POZIT162', 'INTR026', 'MA122', 816, 42),
('POZIT163', 'INTR027', 'MA025', 20, 75),
('POZIT164', 'INTR027', 'MA072', 6, 8500),
('POZIT165', 'INTR027', 'MA007', 4, 10200),
('POZIT166', 'INTR027', 'MA059', 6, 15500),
('POZIT167', 'INTR027', 'MA109', 10, 1230),
('POZIT168', 'INTR027', 'MA094', 120, 730),
('POZIT169', 'INTR028', 'MA050', 4, 1300),
('POZIT170', 'INTR028', 'MA107', 2, 1540),
('POZIT171', 'INTR028', 'MA123', 2, 1280),
('POZIT172', 'INTR028', 'MA048', 5, 1200),
('POZIT173', 'INTR028', 'MA009', 1, 2300),
('POZIT174', 'INTR028', 'MA062', 2, 500),
('POZIT175', 'INTR028', 'MA113', 10, 1300),
('POZIT176', 'INTR029', 'MA082', 6, 10600),
('POZIT177', 'INTR029', 'MA064', 10, 8800),
('POZIT178', 'INTR029', 'MA051', 6, 910),
('POZIT179', 'INTR029', 'MA034', 22, 235),
('POZIT180', 'INTR029', 'MA023', 44000, 10),
('POZIT181', 'INTR029', 'MA124', 3100, 5600),
('POZIT182', 'INTR030', 'MA131', 255, 5000),
('POZIT183', 'INTR030', 'MA013', 2200, 80),
('POZIT184', 'INTR030', 'MA125', 3300, 81),
('POZIT185', 'INTR030', 'MA010', 400, 95),
('POZIT186', 'INTR030', 'MA014', 18000, 10),
('POZIT187', 'INTR030', 'MA044', 2000, 38),
('POZIT188', 'INTR031', 'MA092', 46540, 7),
('POZIT189', 'INTR031', 'MA122', 22750, 28),
('POZIT190', 'INTR031', 'MA048', 6, 18100),
('POZIT191', 'INTR031', 'MA004', 10, 1960),
('POZIT192', 'INTR031', 'MA086', 10, 770),
('POZIT193', 'INTR031', 'MA068', 2, 9880),
('POZIT194', 'INTR031', 'MA066', 4, 13200),
('POZIT195', 'INTR032', 'MA125', 2, 8900),
('POZIT196', 'INTR032', 'MA122', 4, 6200),
('POZIT197', 'INTR032', 'MA018', 6, 6750),
('POZIT198', 'INTR032', 'MA009', 1, 3100),
('POZIT199', 'INTR032', 'MA039', 6, 720),
('POZIT200', 'INTR032', 'MA107', 4, 630),
('POZIT201', 'INTR032', 'MA088', 10, 720),
('POZIT202', 'INTR033', 'MA029', 62, 231),
('POZIT203', 'INTR033', 'MA027', 2, 11800),
('POZIT204', 'INTR033', 'MA050', 6, 900),
('POZIT205', 'INTR033', 'MA111', 4, 1850),
('POZIT206', 'INTR033', 'MA120', 4, 5220),
('POZIT207', 'INTR033', 'MA039', 8, 1550),
('POZIT208', 'INTR033', 'MA126', 4, 10400),
('POZIT209', 'INTR034', 'MA089', 4, 9520),
('POZIT210', 'INTR034', 'MA032', 4, 1450),
('POZIT211', 'INTR034', 'MA026', 276, 50),
('POZIT212', 'INTR034', 'MA078', 600, 92),
('POZIT213', 'INTR034', 'MA084', 5720, 79),
('POZIT214', 'INTR034', 'MA075', 23010, 6),
('POZIT215', 'INTR034', 'MA099', 4, 2000),
('POZIT216', 'INTR035', 'MA129', 2, 6700),
('POZIT217', 'INTR035', 'MA044', 3, 2300),
('POZIT218', 'INTR035', 'MA065', 2, 5300),
('POZIT219', 'INTR035', 'MA035', 4, 23200),
('POZIT220', 'INTR035', 'MA123', 1, 850),
('POZIT221', 'INTR035', 'MA057', 4, 8700),
('POZIT222', 'INTR035', 'MA016', 2, 6400),
('POZIT223', 'INTR035', 'MA045', 2, 2800),
('POZIT224', 'INTR035', 'MA021', 1, 7900),
('POZIT225', 'INTR035', 'MA021', 2, 8700),
('POZIT226', 'INTR035', 'MA073', 1, 4800),
('POZIT227', 'INTR035', 'MA070', 6, 1500),
('POZIT228', 'INTR035', 'MA027', 2, 2300),
('POZIT229', 'INTR035', 'MA122', 4, 2000);